<application>
  <component name="ProjectJdkTable">
    <jdk version="2">
      <name value="Python 2.7 (GeekPractice)" />
      <type value="Python SDK" />
      <version value="Python 2.7.13" />
      <homePath value="C:\Users\glakhera\PycharmProjects\GeekPractice\venv\Scripts\python.exe" />
      <roots>
        <classPath>
          <root type="composite">
            <root url="file://C:/Python27" type="simple" />
            <root url="file://C:/Python27/Scripts" type="simple" />
            <root url="file://$USER_HOME$/PycharmProjects/GeekPractice/venv/Scripts" type="simple" />
            <root url="file://$USER_HOME$/PycharmProjects/GeekPractice/venv/Lib" type="simple" />
            <root url="file://C:/Python27/Lib" type="simple" />
            <root url="file://C:/Python27/DLLs" type="simple" />
            <root url="file://C:/Python27/Lib/lib-tk" type="simple" />
            <root url="file://$USER_HOME$/PycharmProjects/GeekPractice/venv" type="simple" />
            <root url="file://$USER_HOME$/PycharmProjects/GeekPractice/venv/Lib/site-packages" type="simple" />
            <root url="file://$USER_HOME$/.PyCharmCE2019.3/system/python_stubs/-185231157" type="simple" />
            <root url="file://$APPLICATION_HOME_DIR$/plugins/python-ce/helpers/python-skeletons" type="simple" />
            <root url="file://$APPLICATION_HOME_DIR$/plugins/python-ce/helpers/typeshed/stdlib/2" type="simple" />
            <root url="file://$APPLICATION_HOME_DIR$/plugins/python-ce/helpers/typeshed/stdlib/2and3" type="simple" />
            <root url="file://$APPLICATION_HOME_DIR$/plugins/python-ce/helpers/typeshed/third_party/2" type="simple" />
            <root url="file://$APPLICATION_HOME_DIR$/plugins/python-ce/helpers/typeshed/third_party/2and3" type="simple" />
          </root>
        </classPath>
        <sourcePath>
          <root type="composite" />
        </sourcePath>
      </roots>
      <additional ASSOCIATED_PROJECT_PATH="$USER_HOME$/PycharmProjects/GeekPractice" />
    </jdk>
    <jdk version="2">
      <name value="Python 2.7" />
      <type value="Python SDK" />
      <version value="Python 2.7.13" />
      <homePath value="C:\Python27\python.exe" />
      <roots>
        <classPath>
          <root type="composite">
            <root url="file://C:/Python27" type="simple" />
            <root url="file://C:/Python27/Scripts" type="simple" />
            <root url="file://C:/Python27/DLLs" type="simple" />
            <root url="file://C:/Python27/Lib" type="simple" />
            <root url="file://C:/Python27/Lib/lib-tk" type="simple" />
            <root url="file://C:/Python27/Lib/site-packages" type="simple" />
            <root url="file://C:/Python27/Lib/site-packages/win32" type="simple" />
            <root url="file://C:/Python27/Lib/site-packages/win32/lib" type="simple" />
            <root url="file://C:/Python27/Lib/site-packages/pythonwin" type="simple" />
            <root url="file://$USER_HOME$/.PyCharmCE2019.3/system/python_stubs/-762174762" type="simple" />
            <root url="file://$APPLICATION_HOME_DIR$/plugins/python-ce/helpers/python-skeletons" type="simple" />
            <root url="file://$APPLICATION_HOME_DIR$/plugins/python-ce/helpers/typeshed/stdlib/2" type="simple" />
            <root url="file://$APPLICATION_HOME_DIR$/plugins/python-ce/helpers/typeshed/stdlib/2and3" type="simple" />
            <root url="file://$APPLICATION_HOME_DIR$/plugins/python-ce/helpers/typeshed/third_party/2" type="simple" />
            <root url="file://$APPLICATION_HOME_DIR$/plugins/python-ce/helpers/typeshed/third_party/2and3" type="simple" />
          </root>
        </classPath>
        <sourcePath>
          <root type="composite" />
        </sourcePath>
      </roots>
      <additional />
    </jdk>
    <jdk version="2">
      <name value="Python 2.7 (Cucumber_First_Project)" />
      <type value="Python SDK" />
      <version value="Python 2.7.13" />
      <homePath value="C:\Users\glakhera\PycharmProjects\Cucumber_First_Project\venv\Scripts\python.exe" />
      <roots>
        <classPath>
          <root type="composite">
            <root url="file://C:/Python27" type="simple" />
            <root url="file://C:/Python27/Scripts" type="simple" />
            <root url="file://$USER_HOME$/PycharmProjects/Cucumber_First_Project/venv/Scripts" type="simple" />
            <root url="file://$USER_HOME$/PycharmProjects/Cucumber_First_Project/venv/Lib" type="simple" />
            <root url="file://C:/Python27/Lib" type="simple" />
            <root url="file://C:/Python27/DLLs" type="simple" />
            <root url="file://C:/Python27/Lib/lib-tk" type="simple" />
            <root url="file://$USER_HOME$/PycharmProjects/Cucumber_First_Project/venv" type="simple" />
            <root url="file://$USER_HOME$/PycharmProjects/Cucumber_First_Project/venv/Lib/site-packages" type="simple" />
            <root url="file://$USER_HOME$/.PyCharmCE2019.2/system/python_stubs/1494954909" type="simple" />
            <root url="file://$APPLICATION_HOME_DIR$/helpers/python-skeletons" type="simple" />
            <root url="file://$APPLICATION_HOME_DIR$/helpers/typeshed/stdlib/2" type="simple" />
            <root url="file://$APPLICATION_HOME_DIR$/helpers/typeshed/stdlib/2and3" type="simple" />
            <root url="file://$APPLICATION_HOME_DIR$/helpers/typeshed/third_party/2" type="simple" />
            <root url="file://$APPLICATION_HOME_DIR$/helpers/typeshed/third_party/2and3" type="simple" />
          </root>
        </classPath>
        <sourcePath>
          <root type="composite" />
        </sourcePath>
      </roots>
      <additional ASSOCIATED_PROJECT_PATH="$USER_HOME$/PycharmProjects/Cucumber_First_Project" />
    </jdk>
    <jdk version="2">
      <name value="Python 2.7 (Pytest_SIM)" />
      <type value="Python SDK" />
      <version value="Python 2.7.13" />
      <homePath value="C:\Users\glakhera\PycharmProjects\Pytest_SIM\venv\Scripts\python.exe" />
      <roots>
        <classPath>
          <root type="composite">
            <root url="file://C:/Python27" type="simple" />
            <root url="file://C:/Python27/Scripts" type="simple" />
            <root url="file://$USER_HOME$/PycharmProjects/Pytest_SIM/venv/Scripts" type="simple" />
            <root url="file://$USER_HOME$/PycharmProjects/Pytest_SIM/venv/Lib" type="simple" />
            <root url="file://C:/Python27/Lib" type="simple" />
            <root url="file://C:/Python27/DLLs" type="simple" />
            <root url="file://C:/Python27/Lib/lib-tk" type="simple" />
            <root url="file://$USER_HOME$/PycharmProjects/Pytest_SIM/venv" type="simple" />
            <root url="file://$USER_HOME$/PycharmProjects/Pytest_SIM/venv/Lib/site-packages" type="simple" />
            <root url="file://$USER_HOME$/.PyCharmCE2019.3/system/python_stubs/1556285695" type="simple" />
            <root url="file://$APPLICATION_HOME_DIR$/plugins/python-ce/helpers/python-skeletons" type="simple" />
            <root url="file://$APPLICATION_HOME_DIR$/plugins/python-ce/helpers/typeshed/stdlib/2" type="simple" />
            <root url="file://$APPLICATION_HOME_DIR$/plugins/python-ce/helpers/typeshed/stdlib/2and3" type="simple" />
            <root url="file://$APPLICATION_HOME_DIR$/plugins/python-ce/helpers/typeshed/third_party/2" type="simple" />
            <root url="file://$APPLICATION_HOME_DIR$/plugins/python-ce/helpers/typeshed/third_party/2and3" type="simple" />
          </root>
        </classPath>
        <sourcePath>
          <root type="composite" />
        </sourcePath>
      </roots>
      <additional ASSOCIATED_PROJECT_PATH="$USER_HOME$/PycharmProjects/Pytest_SIM" />
    </jdk>
  </component>
</application>